y_true,y_pred_xgb,error_xgb
6.4,6.669716,-0.2697158813476559
6.5,7.255728,-0.7557277679443359
7.8,7.0674725,0.7325275421142576
3.75,6.879815,-3.129815101623535
6.0,6.751497,-0.7514967918395996
6.4,6.832114,-0.432114219665527
7.0,7.0067534,-0.006753444671630859
8.4,6.969478,1.4305218696594242
5.8,6.9542255,-1.154225540161133
7.0,6.852072,0.14792823791503906
6.5,6.8911233,-0.39112329483032227
7.4,7.3793073,0.020692729949951527
6.6,6.9128294,-0.3128293991088871
7.5,6.860814,0.639185905456543
7.0,6.9684467,0.03155326843261719
7.6,7.22193,0.378069972991943
6.8,6.816878,-0.016877841949463068
6.25,6.820755,-0.5707550048828125
8.2,7.324415,0.8755847930908196
4.4,6.8443804,-2.444380378723144
7.75,6.6867633,1.0632367134094238
7.2,6.7956667,0.4043333053588869
6.75,6.633806,0.11619377136230469
7.4,7.0736036,0.3263963699340824
6.0,6.7969465,-0.7969465255737305
7.0,6.76783,0.23217010498046875
7.0,6.757424,0.24257612228393555
7.4,7.2656016,0.1343983650207523
7.0,7.0454607,-0.04546070098876953
7.6,6.8460174,0.7539826393127438
7.0,6.8369193,0.16308069229125977
7.5,6.921593,0.578406810760498
7.8,7.255728,0.5442722320556639
6.0,6.908077,-0.9080767631530762
6.4,6.702164,-0.30216417312622035
7.8,7.046725,0.7532752037048338
3.75,6.8848534,-3.1348533630371094
7.0,6.921593,0.07840681076049805
8.0,6.843439,1.1565608978271484
6.8,6.7956667,0.004333305358886541
7.25,6.6809006,0.5690994262695312
8.8,7.208891,1.5911090850830085
6.5,6.814839,-0.31483888626098633
7.0,6.933958,0.06604194641113281
6.4,6.757424,-0.3574238777160641
7.0,6.879815,0.12018489837646484
6.0,6.7927327,-0.7927327156066895
6.8,6.8465495,-0.046549510955810725
5.8,6.851902,-1.0519020080566408
7.0,7.106368,-0.1063680648803711
7.8,7.0736036,0.7263963699340819
6.75,6.8236427,-0.07364273071289062
7.75,6.984951,0.7650489807128906
7.8,7.176089,0.6239111900329588
5.333333333333333,6.954493,-1.6211597124735517
7.0,7.0404263,-0.04042625427246094
7.666666666666667,6.8665333,0.8001333872477217
7.2,6.856943,0.3430568695068361
6.2,6.897442,-0.6974418640136717
7.6,7.2380905,0.3619094848632809
5.75,6.9031076,-1.1531076431274414
7.0,6.8187003,0.18129968643188477
6.0,6.9306297,-0.9306297302246094
7.5,6.9450564,0.5549435615539551
5.5,6.91918,-1.419179916381836
6.0,6.823352,-0.8233518600463867
6.2,6.8531213,-0.6531212806701658
6.6,6.876229,-0.2762288093566898
8.0,7.091241,0.9087591171264648
6.6,6.929078,-0.32907810211181676
7.2,7.2656016,-0.06560163497924787
8.25,7.058439,1.191561222076416
5.5,6.74628,-1.2462801933288574
8.0,7.0041523,0.9958477020263672
6.6,7.0722957,-0.47229566574096715
6.5,6.838381,-0.3383808135986328
7.75,6.808223,0.941777229309082
8.4,7.1912537,1.2087463378906254
7.0,6.8531213,0.14687871932983398
7.2,6.8187003,0.38129968643188494
5.6,6.873997,-1.2739972114562992
7.2,6.894238,0.3057620048522951
6.0,6.714086,-0.7140860557556152
6.8,6.8221865,-0.02218647003173846
7.0,6.8690305,0.13096952438354492
6.4,6.890549,-0.49054918289184535
6.8,7.091241,-0.29124088287353533
7.0,7.075747,-0.07574701309204102
7.25,6.92479,0.3252100944519043
7.75,7.076076,0.6739239692687988
5.8,6.74628,-0.9462801933288576
7.0,7.0736036,-0.07360363006591797
6.8,6.9437485,-0.14374847412109393
6.333333333333333,7.0595856,-0.7262522379557295
7.8,7.0971704,0.7028296470642088
7.0,6.9684467,0.03155326843261719
7.4,7.255728,0.14427223205566442
6.6,7.068128,-0.46812810897827184
7.0,7.0595856,-0.0595855712890625
6.0,6.7807174,-0.7807173728942871
7.2,6.8918257,0.3081743240356447
6.6,6.9161406,-0.3161405563354496
7.0,6.9720583,0.02794170379638672
7.0,6.9090405,0.09095954895019531
6.2,6.890549,-0.6905491828918455
7.75,7.050453,0.6995468139648438
6.4,7.060327,-0.660327053070068
6.8,7.2656016,-0.4656016349792482
8.0,7.176089,0.823911190032959
6.2,6.6985407,-0.498540687561035
7.6,7.0185657,0.581434345245361
8.25,6.9450564,1.304943561553955
6.25,6.909306,-0.6593060493469238
8.25,6.877715,1.3722848892211914
6.75,7.106574,-0.35657405853271484
7.6,7.208891,0.39110908508300746
6.2,6.872406,-0.6724060058593748
7.2,6.838381,0.36161918640136737
6.5,6.7905912,-0.2905912399291992
7.2,7.0595856,0.14041442871093768
6.6,6.9509716,-0.35097160339355504
6.25,6.8659625,-0.6159625053405762
7.0,7.0854797,-0.085479736328125
8.0,6.7529073,1.2470927238464355
7.8,7.255728,0.5442722320556639
8.0,6.8895836,1.1104164123535156
7.25,6.9397655,0.31023454666137695
8.6,7.0480328,1.5519672393798825
6.4,6.7296953,-0.3296953201293942
7.8,7.255728,0.5442722320556639
7.0,7.0736036,-0.07360363006591797
7.166666666666667,6.8083386,0.35832802454630563
8.0,6.883019,1.116981029510498
6.75,6.8835907,-0.1335906982421875
7.2,7.2380905,-0.03809051513671857
8.0,6.807221,1.1927790641784668
7.0,6.823958,0.1760420799255371
6.0,7.012312,-1.0123119354248047
6.8,6.9450564,-0.1450564384460451
7.4,7.0694594,0.33054056167602575
7.4,6.7656064,0.6343935966491703
7.25,6.9450564,0.3049435615539551
8.2,6.912004,1.2879960060119622
8.4,7.255728,1.1442722320556644
7.5,6.879815,0.6201848983764648
7.0,7.1932554,-0.19325542449951172
8.4,7.2229257,1.1770743370056156
6.2,6.9836445,-0.7836444854736326
7.8,7.076076,0.7239239692687987
6.2,6.680107,-0.4801071166992186
6.8,6.8474183,-0.04741830825805682
7.75,7.208891,0.5411090850830078
5.8,6.883038,-1.0830380439758303
6.2,6.898203,-0.6982028961181639
6.5,7.2172537,-0.7172536849975586
7.4,6.969267,0.43073310852050817
5.4,6.840406,-1.4404059410095211
8.0,6.8528976,1.1471023559570312
7.0,7.058439,-0.058438777923583984
7.5,7.079533,0.42046689987182617
7.0,7.2380905,-0.23809051513671875
7.2,6.904224,0.29577608108520526
7.6,7.091241,0.5087591171264645
7.4,6.862178,0.5378221511840824
7.2,7.022606,0.17739410400390643
7.4,7.358213,0.04178705215454137
6.8,6.6716495,0.1283505439758299
7.0,7.240563,-0.24056291580200195
4.333333333333333,6.8345065,-2.5011731783548994
7.6,6.7927327,0.8072672843933102
7.0,7.091241,-0.09124088287353516
6.4,6.8078914,-0.40789136886596644
7.0,6.885009,0.1149911880493164
6.75,6.836198,-0.0861978530883789
7.2,7.2229257,-0.022925662994384588
6.0,6.815064,-0.8150639533996582
7.25,6.862178,0.38782215118408203
7.2,6.836198,0.36380214691162127
7.0,7.2125196,-0.21251964569091797
7.5,7.0035996,0.4964003562927246
7.0,6.8436956,0.15630435943603516
6.5,6.921593,-0.42159318923950195
7.6,7.208891,0.39110908508300746
7.1000000000000005,6.8678412,0.23215875625610405
7.0,6.9549303,0.04506969451904297
7.5,7.193726,0.3062739372253418
6.85,6.9086947,-0.05869474411010778
7.0,6.9450564,0.05494356155395508
4.875,6.6842756,-1.8092756271362305
7.574999999999999,6.8963275,0.6786725044250481
7.0625,6.887875,0.17462491989135742
6.425000000000001,6.9540057,-0.5290057182312005
7.2,6.919204,0.2807957649230959
6.9375,6.8974743,0.04002571105957031
7.2,6.855001,0.34499902725219744
6.05,6.7905912,-0.7405912399291994
7.166666666666667,7.058439,0.10822788874308298
7.15,7.0747504,0.07524957656860387
7.0,6.8187003,0.18129968643188477
7.375,7.2380905,0.13690948486328125
6.9375,6.8388405,0.09865951538085938
6.3125,7.0404263,-0.7279262542724609
7.649999999999999,7.255728,0.39427223205566264
6.800000000000001,6.9450564,-0.1450564384460442
6.800000000000001,6.897749,-0.09774894714355398
7.6,7.076076,0.5239239692687985
6.9,6.8974743,0.0025257110595706678
7.0,6.887875,0.11212491989135742
5.416666666666666,6.7528644,-1.33619769414266
7.55,6.8766007,0.6733992576599119
7.125,6.7578053,0.36719465255737305
6.45,6.859443,-0.40944318771362287
7.4,6.9450564,0.45494356155395543
7.125,6.8974743,0.2275257110595703
7.2,6.830098,0.36990184783935565
6.1,6.8477726,-0.7477725982666019
7.083333333333333,7.0595856,0.023747762044270537
7.1,7.0747504,0.02524957656860316
7.0,6.8187003,0.18129968643188477
7.25,7.2380905,0.01190948486328125
6.875,6.8289666,0.046033382415771484
6.125,6.832769,-0.7077689170837402
7.699999999999999,7.255728,0.44427223205566335
6.5,6.9450564,-0.4450564384460449
6.6000000000000005,6.897749,-0.29774894714355415
7.7,7.076076,0.623923969268799
6.95,6.7413836,0.20861644744873065
7.0,6.897749,0.10225105285644531
5.958333333333333,6.7528644,-0.7945310274759931
7.525,6.8766007,0.6483992576599125
7.1875,6.721117,0.4663829803466797
6.475,6.849037,-0.3740371704101566
7.6,7.255728,0.3442722320556637
7.3125,6.8974743,0.4150257110595703
7.2,6.844595,0.35540504455566424
6.15,6.9054976,-0.7554975509643551
7.0,7.0595856,-0.0595855712890625
7.05,6.9450564,0.1049435615539549
7.0,6.8187003,0.18129968643188477
7.125,7.2380905,-0.11309051513671875
6.8125,6.8388405,-0.026340484619140625
5.9375,6.6842756,-0.7467756271362305
7.75,7.255728,0.49427223205566406
6.2,6.9549303,-0.7549303054809569
6.4,6.897749,-0.49774894714355433
7.8,7.058439,0.7415612220764158
7.0,6.7413836,0.25861644744873047
7.0,6.897749,0.10225105285644531
6.5,6.71614,-0.2161397933959961
7.5,6.8766007,0.6233992576599121
7.25,6.710711,0.5392889976501465
6.5,6.849037,-0.34903717041015625
7.8,7.255728,0.5442722320556639
7.5,6.8505664,0.6494336128234863
7.2,7.021539,0.17846078872680682
6.2,6.9304004,-0.7304003715515135
7.0,7.0854797,-0.085479736328125
7.0,6.9450564,0.05494356155395508
7.0,6.8621655,0.1378345489501953
7.0,6.9450564,0.05494356155395508
6.75,6.8388405,-0.08884048461914062
7.0,6.9684467,0.03155326843261719
5.75,6.6921926,-0.942192554473877
8.0,6.9684467,1.0315532684326172
7.8,7.255728,0.5442722320556639
6.8,6.9684467,-0.168446731567383
8.0,6.9684467,1.0315532684326172
8.0,6.7489395,1.2510604858398438
7.4,7.058439,0.34156122207641637
7.0,6.7269607,0.2730393409729004
7.6,6.8572025,0.7427974700927731
8.0,6.766902,1.233098030090332
6.8,6.862178,-0.062177848815918146
6.6,6.852886,-0.25288619995117223
4.8,7.015022,-2.2150218009948732
8.0,7.255728,0.7442722320556641
6.8,6.8465495,-0.046549510955810725
7.0,7.0057144,-0.00571441650390625
7.0,6.9304004,0.06959962844848633
6.6,6.90451,-0.30451002120971715
7.333333333333333,6.84252,0.4908130963643389
7.5,6.9684467,0.5315532684326172
7.2,6.9684467,0.23155326843261737
7.4,6.8388405,0.5611595153808597
7.4,7.020373,0.37962713241577184
6.8,6.6998563,0.10014371871948224
8.0,7.128783,0.8712167739868164
7.8,7.091241,0.7087591171264647
7.2,7.048849,0.15115089416503924
8.666666666666666,7.0952735,1.571393171946207
8.333333333333334,6.9684467,1.3648866017659511
7.0,7.2148204,-0.21482038497924805
8.0,6.921593,1.078406810760498
7.2,6.921593,0.2784068107604982
7.4,6.921593,0.4784068107604984
7.5,6.921593,0.578406810760498
6.5,6.921593,-0.42159318923950195
6.5,6.921593,-0.42159318923950195
7.6,6.921593,0.6784068107604977
6.0,6.921593,-0.921593189239502
5.6,6.921593,-1.3215931892395023
6.6,6.921593,-0.3215931892395023
7.0,6.921593,0.07840681076049805
6.4,6.921593,-0.5215931892395016
7.2,6.921593,0.2784068107604982
7.2,6.921593,0.2784068107604982
6.8,6.921593,-0.12159318923950213
7.2,6.921593,0.2784068107604982
6.6,6.921593,-0.3215931892395023
7.0,6.921593,0.07840681076049805
8.75,6.921593,1.828406810760498
7.2,6.921593,0.2784068107604982
8.2,6.921593,1.2784068107604973
7.2,6.921593,0.2784068107604982
6.8,6.921593,-0.12159318923950213
8.0,6.921593,1.078406810760498
7.2,7.111146,0.08885402679443377
8.0,7.0454607,0.9545392990112305
7.0,7.0973625,-0.09736251831054688
6.4,7.2148204,-0.8148203849792477
7.25,6.8025365,0.4474635124206543
6.2,6.976267,-0.7762668609619139
6.6,7.111146,-0.5111459732055668
5.8,6.8848534,-1.0848533630371096
6.6,6.662052,-0.06205215454101598
6.8,6.991134,-0.19113416671752947
7.5,6.9433484,0.5566515922546387
7.0,6.961699,0.03830099105834961
7.0,6.9499445,0.050055503845214844
7.0,6.9599,0.04010009765625
7.0,7.0597205,-0.059720516204833984
6.8,6.9499445,-0.14994449615478533
7.225,6.8739777,0.35102233886718714
8.0,6.921593,1.078406810760498
6.4,6.97915,-0.5791498184204098
7.4,6.94564,0.4543599128723148
7.6,7.1870193,0.4129806518554684
6.8,6.7178864,0.08211355209350568
8.0,7.0573826,0.9426174163818359
7.75,6.9599,0.79010009765625
6.2,7.0597205,-0.8597205162048338
7.5,7.2148204,0.28517961502075195
6.4,6.8987556,-0.49875555038452113
7.25,7.2395673,0.010432720184326172
7.6,7.0693192,0.5306807518005368
7.0,6.833409,0.16659116744995117
7.0,7.2395673,-0.23956727981567383
6.0,6.832769,-0.8327689170837402
6.4,6.918702,-0.518702125549316
6.0,6.841388,-0.8413882255554199
6.8,6.883773,-0.08377285003662127
6.0,6.8987556,-0.8987555503845215
6.0,7.125569,-1.1255688667297363
7.0,7.025854,-0.025854110717773438
6.6,6.875237,-0.2752369880676273
7.0,7.0693192,-0.06931924819946289
6.4,6.8987556,-0.49875555038452113
6.8,6.875237,-0.07523698806762713
7.25,6.8987556,0.3512444496154785
7.6,7.125569,0.4744311332702633
6.5,6.7762275,-0.2762274742126465
6.8,6.8895717,-0.08957166671752947
7.2,7.009311,0.19068880081176776
6.8,6.8987556,-0.09875555038452166
8.25,7.1927304,1.05726957321167
7.6,7.2395673,0.3604327201843258
7.0,6.8618584,0.13814163208007812
8.0,7.0599155,0.9400844573974609
7.2,6.8797097,0.3202902793884279
6.666666666666667,7.2229257,-0.5562589963277178
8.0,7.091241,0.9087591171264648
7.2,6.8974743,0.3025257110595705
7.6,6.9549303,0.6450696945190426
4.75,6.8227615,-2.0727615356445312
6.6,6.881846,-0.2818459510803226
5.5,6.8340564,-1.3340563774108887
7.0,7.060327,-0.06032705307006836
6.0,6.8278275,-0.8278274536132812
6.0,6.789304,-0.7893037796020508
7.0,6.87144,0.12856006622314453
7.25,6.8187003,0.43129968643188477
7.2,6.9450564,0.25494356155395526
6.8,6.8797097,-0.07970972061157244
7.2,6.99996,0.20004005432128924
7.4,7.255728,0.14427223205566442
7.4,6.8921556,0.5078443527221683
7.2,6.767679,0.4323207855224611
6.8,6.899219,-0.0992190361022951
7.8,6.9298916,0.8701084136962889
6.2,7.060327,-0.8603270530700682
7.8,7.255728,0.5442722320556639
8.4,7.091241,1.3087591171264652
6.75,7.106574,-0.35657405853271484
8.5,7.08595,1.4140501022338867
7.0,6.9684467,0.03155326843261719
6.6,7.058859,-0.4588588714599613
6.5,6.9316173,-0.43161725997924805
7.25,7.7340555,-0.4840555191040039
6.6,7.0303845,-0.4303845405578617
6.8,7.3635526,-0.5635525703430178
3.8,5.907081,-2.1070811271667482
6.2,6.817312,-0.6173117637634276
7.0,5.813303,1.186697006225586
6.8,6.7402544,0.05974559783935529
6.4,6.5225105,-0.12251052856445277
6.2,6.0866365,0.1133634567260744
6.4,7.040743,-0.6407428741455075
7.0,6.9277864,0.07221364974975586
7.0,7.025624,-0.025623798370361328
6.8,6.991265,-0.19126482009887713
6.4,6.936909,-0.536909198760986
7.4,7.2890882,0.11091175079345739
6.75,7.2847366,-0.5347366333007812
6.5,7.005634,-0.5056338310241699
6.0,6.847995,-0.8479948043823242
7.6,7.707372,-0.10737218856811559
7.8,6.8135805,0.9864194869995115
7.6,7.6391034,-0.03910341262817418
7.6,7.5814095,0.01859054565429652
7.0,6.9570646,0.04293537139892578
8.5,7.712519,0.7874808311462402
7.2,7.0377445,0.16225547790527362
6.8,6.8140426,-0.014042568206787287
6.5,6.94874,-0.44874000549316406
7.5,7.1458654,0.35413455963134766
7.5,6.8209352,0.6790647506713867
6.25,6.9910007,-0.7410006523132324
5.2,5.7105165,-0.5105164527893065
6.0,6.747842,-0.7478418350219727
6.6,6.592024,0.007976150512694957
6.6,7.0261836,-0.42618360519409215
3.5,6.762299,-3.262299060821533
6.5,6.483013,0.016986846923828125
6.0,6.8460293,-0.8460292816162109
6.8,6.9650826,-0.16508264541625994
7.0,7.072963,-0.07296323776245117
6.8,7.0022807,-0.20228071212768572
6.75,6.892343,-0.14234304428100586
7.6,7.2730575,0.32694253921508754
7.0,7.0690746,-0.06907463073730469
6.25,6.9520793,-0.7020792961120605
7.2,6.538486,0.6615139961242678
8.6,7.710098,0.8899022102355953
5.8,7.5307407,-1.7307407379150392
8.0,7.7408023,0.2591977119445801
7.4,7.5582457,-0.15824565887451136
6.8,6.9375873,-0.13758726119995135
7.0,7.7157326,-0.7157325744628906
7.4,6.943854,0.4561461448669437
7.8,7.007773,0.7922270774841307
5.666666666666667,6.83959,-1.172923405965169
7.8,7.2359185,0.5640814781188963
7.2,7.1602783,0.03972167968750018
6.8,6.96355,-0.1635500907897951
7.0,5.964842,1.0351581573486328
7.8,6.1544905,1.6455095291137694
8.0,6.5125175,1.4874825477600098
5.8,6.9696383,-1.1696383476257326
7.2,5.7990484,1.4009515762329103
6.75,6.556648,0.19335222244262695
7.0,6.501865,0.4981350898742676
7.2,6.868564,0.33143587112426776
7.0,7.1138797,-0.11387968063354492
6.8,6.96919,-0.16919012069702166
7.5,6.9370923,0.5629076957702637
7.75,7.712521,0.03747892379760742
7.25,6.964288,0.28571176528930664
7.5,7.033556,0.4664440155029297
8.0,6.9761314,1.0238685607910156
7.5,7.767877,-0.26787710189819336
6.75,6.6355157,0.11448431015014648
7.0,7.7228217,-0.7228217124938965
7.8,7.3735876,0.4264123916625975
7.8,6.909154,0.8908460617065428
7.0,7.163045,-0.16304492950439453
7.666666666666667,7.0723276,0.5943390528361006
7.25,7.5150933,-0.2650933265686035
5.0,6.204881,-1.204881191253662
7.5,7.6310263,-0.1310262680053711
7.2,6.976548,0.22345180511474627
8.2,6.9999475,1.2000524520874016
3.0,6.4430914,-3.44309139251709
6.4,7.3725595,-0.972559547424316
6.25,7.477987,-1.2279868125915527
6.4,6.499037,-0.09903678894042933
6.6,6.450967,0.149033164978027
7.5,6.5469985,0.9530014991760254
7.0,6.9212613,0.07873868942260742
7.0,6.9230103,0.07698965072631836
7.2,7.1519804,0.04801959991455096
7.6,6.942452,0.6575480461120602
7.6,7.0196843,0.5803156852722164
7.75,7.5367594,0.2132406234741211
7.8,6.9235544,0.8764455795288084
6.8,7.2078795,-0.40787954330444354
8.0,7.3688583,0.6311416625976562
7.2,7.104386,0.09561414718627947
7.8,7.0015554,0.7984445571899412
7.5,7.1944947,0.30550527572631836
7.75,7.585179,0.16482114791870117
8.0,7.544116,0.4558839797973633
7.0,7.0719814,-0.07198143005371094
7.4,7.5426908,-0.14269075393676722
7.6,6.8429985,0.7570014953613278
5.5,5.946649,-0.44664907455444336
7.4,7.2833242,0.11667575836181676
7.2,6.8929825,0.3070175170898439
7.0,7.3674974,-0.36749744415283203
6.6,5.424855,1.1751447677612301
6.4,6.8243923,-0.4243923187255856
6.5,6.797838,-0.2978382110595703
6.0,6.605961,-0.6059608459472656
7.4,6.0322037,1.367796325683594
7.0,7.044293,-0.04429292678833008
7.2,6.9415736,0.2584263801574709
7.25,6.99301,0.2569899559020996
7.4,7.119348,0.280651950836182
6.4,7.4339824,-1.0339823722839352
7.4,7.471336,-0.07133588790893519
7.2,7.544217,-0.3442171096801756
7.5,7.5858517,-0.08585166931152344
7.4,6.9188404,0.48115959167480504
6.4,7.363046,-0.9630461692810055
6.8,7.098279,-0.29827899932861346
8.0,7.399352,0.6006479263305664
7.2,7.17017,0.029830169677734553
7.8,7.600546,0.19945411682128888
6.4,7.6037064,-1.203706359863281
7.0,6.9749107,0.025089263916015625
7.2,7.046391,0.15360898971557635
7.4,7.546745,-0.1467448234558102
5.666666666666667,6.1056843,-0.43901761372884085
7.6,7.1892476,0.4107523918151852
7.2,6.986633,0.21336717605590838
6.6,7.0494246,-0.44942464828491246
6.0,6.1611285,-0.16112852096557617
6.0,6.81942,-0.8194198608398438
6.6,6.811287,-0.2112869262695316
6.5,6.080551,0.4194488525390625
5.75,6.4677258,-0.7177257537841797
7.0,6.9588366,0.04116344451904297
7.0,6.945824,0.05417585372924805
6.6,6.988152,-0.3881520271301273
6.6,7.321805,-0.7218050003051761
6.8,6.969449,-0.16944904327392596
6.4,7.084015,-0.6840148925781246
6.2,7.175229,-0.9752290725708006
7.2,7.115001,0.0849987983703615
8.25,7.1803465,1.0696535110473633
7.25,6.8612456,0.38875436782836914
7.8,7.079118,0.7208822250366209
7.25,7.5655403,-0.3155403137207031
6.4,7.109547,-0.709547138214111
8.0,7.491021,0.5089788436889648
7.0,6.7485566,0.25144338607788086
7.0,6.865088,0.13491201400756836
6.2,6.9235554,-0.7235553741455076
7.6,7.2817726,0.318227386474609
5.5,6.3903117,-0.8903117179870605
7.0,7.5909486,-0.5909485816955566
7.2,6.947508,0.252492141723633
7.0,6.9733777,0.026622295379638672
6.0,5.7705097,0.2294902801513672
5.6,6.1440835,-0.5440834999084476
6.333333333333333,6.7949758,-0.4616424242655439
5.8,6.458642,-0.6586420059204103
7.4,5.9112806,1.4887193679809574
7.0,6.950948,0.049051761627197266
7.0,6.9549923,0.04500770568847656
7.25,6.8496914,0.40030860900878906
7.25,6.923871,0.3261289596557617
6.0,6.966032,-0.9660320281982422
7.0,6.875479,0.12452077865600586
7.0,6.9200687,0.07993125915527344
7.5,7.0436554,0.4563446044921875
6.5,7.5864925,-1.0864925384521484
6.2,7.071369,-0.871369171142578
8.0,7.6629777,0.3370223045349121
7.0,7.056902,-0.05690193176269531
7.6,6.7032204,0.896779632568359
7.6,7.7525716,-0.1525715827941898
7.0,7.037524,-0.03752422332763672
7.0,7.0013537,-0.0013537406921386719
5.2,6.739821,-1.5398209571838377
7.6,7.4064746,0.19352540969848597
7.0,6.3896136,0.6103863716125488
7.4,7.172009,0.22799100875854528
7.2,7.0011797,0.19882030487060565
7.75,7.029452,0.720548152923584
5.6,6.0618153,-0.46181526184082067
6.666666666666667,5.9168262,0.7498404184977217
7.2,6.691208,0.5087921142578127
6.6,6.0758696,0.5241304397583004
7.666666666666667,7.1234636,0.5432030359903974
7.333333333333333,6.9445763,0.38875706990559866
7.0,7.015074,-0.015073776245117188
5.4,6.989184,-1.5891839027404782
7.2,6.9517117,0.24828834533691424
6.6,6.599821,0.00017890930175745723
7.0,6.976099,0.023900985717773438
7.4,7.0641613,0.33583869934082067
6.8,7.176233,-0.37623281478881854
6.0,6.8095374,-0.809537410736084
5.8,6.7441177,-0.9441177368164064
7.6,7.628813,-0.028812789916992543
8.0,7.025321,0.9746789932250977
7.8,7.3261986,0.47380142211914045
8.2,7.742692,0.4573080062866204
6.5,7.0705194,-0.5705194473266602
8.0,7.018557,0.981442928314209
7.0,6.1154895,0.8845105171203613
7.2,7.4254403,-0.2254403114318846
9.0,6.785986,2.2140140533447266
7.5,7.202935,0.29706478118896484
7.2,6.9853206,0.21467943191528338
6.4,7.3890753,-0.9890752792358395
3.333333333333333,5.842657,-2.5093237559000654
6.333333333333333,6.5222063,-0.1888729731241865
7.25,6.9676046,0.2823953628540039
5.6,6.626726,-1.0267261505126957
7.75,7.525144,0.22485589981079102
8.0,7.0260587,0.9739413261413574
7.0,7.0009933,-0.0009932518005371094
7.2,6.3503165,0.8496834754943849
7.2,7.0691094,0.13089056015014666
7.25,6.99538,0.2546200752258301
7.0,6.974466,0.02553415298461914
7.8,7.2109747,0.58902530670166
6.2,6.9747496,-0.7747495651245115
6.25,6.961698,-0.711698055267334
6.6,6.429496,0.1705041885375973
7.6,7.703945,-0.10394515991210973
7.0,7.475191,-0.4751911163330078
7.5,7.432459,0.06754112243652344
7.5,7.686732,-0.18673181533813477
7.0,6.858661,0.14133882522583008
8.0,7.435194,0.5648059844970703
8.4,6.985612,1.4143880844116214
7.6,7.1672597,0.4327403068542477
7.5,7.2231846,0.27681541442871094
7.8,6.8964963,0.9035037040710447
7.5,6.925211,0.5747890472412109
5.4,5.541833,-0.1418329238891598
6.0,6.510455,-0.5104551315307617
8.0,6.9553094,1.0446906089782715
7.0,6.110476,0.889523983001709
8.8,7.6104016,1.1895983695983894
8.0,7.243929,0.7560710906982422
6.2,6.9786496,-0.7786496162414549
6.75,6.9291973,-0.1791973114013672
8.0,7.1272235,0.8727765083312988
7.75,7.0727687,0.6772313117980957
7.0,6.9596753,0.04032468795776367
7.5,7.4759583,0.02404165267944336
7.6,6.917148,0.6828518867492672
7.0,6.7689247,0.23107528686523438
8.0,6.8200116,1.1799883842468262
9.333333333333334,7.61972,1.7136133511861171
8.0,7.3094983,0.6905016899108887
6.0,7.29106,-1.291059970855713
7.8,7.3283653,0.47163467407226545
7.0,6.9694996,0.030500411987304688
7.5,7.628258,-0.12825822830200195
7.6,7.399518,0.20048198699951136
7.5,7.517765,-0.017765045166015625
7.6,7.272964,0.32703599929809535
7.4,7.5512996,-0.15129957199096644
7.2,7.236042,-0.03604202270507795
6.0,5.707417,0.29258298873901367
6.0,5.9348426,0.06515741348266602
6.25,7.560512,-1.3105120658874512
6.0,6.5921926,-0.5921926498413086
8.0,7.3296885,0.670311450958252
7.666666666666667,7.517723,0.1489435831705732
7.0,6.728921,0.27107906341552734
7.2,6.887286,0.31271381378173846
7.2,7.546332,-0.34633188247680646
6.333333333333333,7.3899884,-1.0566550890604658
6.8,6.9283605,-0.12836046218872088
7.0,7.340301,-0.3403010368347168
7.0,7.4065337,-0.40653371810913086
7.4,7.044249,0.35575094223022496
7.8,7.544173,0.25582723617553693
8.0,7.5884376,0.411562442779541
7.25,7.50034,-0.25033998489379883
6.5,6.4769454,0.02305459976196289
7.8,7.676177,0.12382297515869123
7.4,7.0325785,0.36742153167724645
7.0,7.3441286,-0.3441286087036133
6.2,7.371264,-1.1712639808654783
7.6,7.206102,0.39389810562133754
7.0,7.679861,-0.6798610687255859
7.0,7.0880284,-0.0880284309387207
6.75,7.125334,-0.3753337860107422
6.75,5.799357,0.9506430625915527
5.8,5.994326,-0.1943261146545412
6.6,6.761147,-0.1611470222473148
6.6,5.988823,0.6111770629882809
8.166666666666666,7.4738536,0.692813078562418
7.444444444444445,7.221409,0.22303560045030402
7.0,6.9418035,0.0581965446472168
8.0,6.9721155,1.0278844833374023
6.75,7.28682,-0.5368199348449707
6.4,6.8067875,-0.4067874908447262
6.8,6.8642244,-0.06422443389892596
7.6,7.2087803,0.3912197113037106
6.8,6.9412956,-0.14129562377929705
7.2,7.137737,0.062263202667236506
8.0,7.398333,0.6016669273376465
7.8,7.6073513,0.19264869689941388
7.5,7.0715017,0.4284982681274414
7.0,6.9639635,0.03603649139404297
8.0,7.7820654,0.21793460845947266
6.8,7.3010826,-0.5010826110839846
7.5,7.1235824,0.3764176368713379
6.75,6.6418595,0.10814046859741211
7.0,7.3471065,-0.3471064567565918
7.2,7.2549934,-0.05499343872070295
6.8,6.901477,-0.1014768600463869
7.25,6.8857846,0.3642153739929199
5.0,6.2190113,-1.2190113067626953
5.75,5.9676085,-0.21760845184326172
6.75,6.8374557,-0.08745574951171875
6.0,6.504032,-0.5040321350097656
8.5,7.5136495,0.9863505363464355
7.222222222222222,7.0028954,0.21932686699761295
7.0,6.9329205,0.06707954406738281
7.0,7.478111,-0.47811079025268555
7.0,6.9676046,0.032395362854003906
7.2,6.8180985,0.3819014549255373
7.25,6.824916,0.42508411407470703
7.4,7.5254145,-0.1254144668579098
6.0,6.8782434,-0.8782434463500977
6.0,7.150782,-1.1507821083068848
6.6,7.39863,-0.7986301422119144
7.2,7.703987,-0.5039871215820311
7.0,7.212157,-0.2121567726135254
7.6,6.977445,0.6225548744201657
8.0,7.7519484,0.24805164337158203
7.0,7.0997534,-0.09975337982177734
8.0,7.1761913,0.8238086700439453
6.2,7.006167,-0.8061669349670408
7.8,7.0856395,0.7143605232238768
7.0,7.139961,-0.13996076583862305
7.0,6.9846144,0.015385627746582031
6.8,7.0039735,-0.20397348403930682
5.0,5.8568935,-0.8568935394287109
6.666666666666667,6.080375,0.5862914721171064
7.0,6.8888445,0.11115550994873047
6.25,6.140326,0.10967397689819336
7.833333333333333,7.5136495,0.3196838696797686
7.0,7.032048,-0.03204822540283203
6.0,6.989911,-0.9899110794067383
7.0,7.096266,-0.09626579284667969
7.0,7.008822,-0.008821964263916016
7.0,6.945254,0.054746150970458984
7.0,6.9411883,0.05881166458129883
9.0,7.386885,1.613114833831787
6.333333333333333,6.535167,-0.20183388392130563
6.2,7.0101905,-0.8101904869079588
6.2,7.0454016,-0.8454015731811522
6.6,7.177302,-0.5773018836975101
6.2,6.992789,-0.792788791656494
7.8,7.5516953,0.24830465316772443
7.8,7.748838,0.05116205215454084
7.0,7.139838,-0.13983821868896484
7.0,7.748808,-0.7488079071044922
6.4,6.730021,-0.3300209999084469
7.55,7.312834,0.23716621398925763
7.15,7.1312094,0.01879062652587926
7.125,7.006766,0.11823415756225586
6.85,7.0370255,-0.1870254516601566
5.25,6.1829433,-0.9329433441162109
6.555555555555555,6.51341,0.042145464155408874
7.125,6.958775,0.16622495651245117
6.2375,6.427209,-0.18970890045166033
7.574999999999999,7.544217,0.030782890319823508
7.1,7.0340114,0.06598863601684535
6.45,6.587256,-0.13725595474243146
7.0,7.08851,-0.08851003646850586
7.333333333333333,7.0851593,0.24817403157552054
7.25,6.9026947,0.3473052978515625
7.0,7.0024753,-0.002475261688232422
8.375,7.5349407,0.8400592803955078
6.65,6.736394,-0.08639392852783168
6.8,6.69283,0.10716991424560529
6.55,6.605709,-0.05570907592773455
7.899999999999999,7.646462,0.2535380363464341
7.85,7.5887785,0.2612215042114254
7.1,7.1317725,-0.03177251815795934
7.35,7.0841107,0.2658892631530758
7.3,7.374384,-0.07438392639160174
7.3,7.0530586,0.2469413757324217
7.25,7.0481486,0.20185136795043945
6.9,6.967475,-0.06747493743896449
5.5,6.215267,-0.7152671813964844
6.444444444444445,6.5002503,-0.055805895063612
7.25,6.99734,0.25265979766845703
6.225,6.517905,-0.2929052352905277
7.316666666666666,7.5937786,-0.27711194356282576
7.2,7.0242453,0.17575473785400408
6.9,6.950312,-0.05031213760375941
7.0,6.9800305,0.019969463348388672
7.666666666666667,7.1636267,0.5030399958292646
7.5,6.895567,0.6044330596923828
7.0,7.0004363,-0.0004363059997558594
7.75,7.594824,0.15517616271972656
7.1,6.9558864,0.14411363601684535
7.0,6.942459,0.0575408935546875
6.9,6.89271,0.00728979110717809
8.0,7.638949,0.361051082611084
7.9,7.570117,0.32988300323486364
7.2,7.0456433,0.15435667037963885
7.7,7.19596,0.5040399551391603
7.05,7.124456,-0.07445592880249041
7.449999999999999,7.057936,0.3920638084411614
7.375,7.03909,0.3359098434448242
6.95,7.0191627,-0.0691626548767088
5.75,6.014581,-0.26458120346069336
6.333333333333333,6.503541,-0.17020765940348337
7.375,6.981751,0.3932490348815918
6.2125,6.606278,-0.39377794265747035
7.058333333333334,7.2148466,-0.15651327768961565
7.300000000000001,6.9997106,0.30028944015503
7.35,7.0603952,0.28960475921630824
7.0,7.00398,-0.003980159759521484
8.0,7.6609573,0.33904266357421875
7.75,7.216611,0.5333890914916992
7.0,7.0063896,-0.006389617919921875
7.125,7.539088,-0.41408777236938477
7.55,7.0254865,0.524513530731201
7.2,6.8974304,0.3025695800781252
7.25,6.9268413,0.32315874099731445
8.1,7.7726755,0.32732448577880824
7.95,7.8001323,0.14986772537231463
7.300000000000001,7.06038,0.2396200180053718
8.05,7.6075983,0.44240169525146555
6.8,7.0918183,-0.2918183326721193
7.4,7.0198717,0.3801282882690433
7.6,7.334178,0.2658220291137692
7.5,7.1743507,0.3256492614746094
7.0,7.0382185,-0.03821849822998047
6.0,5.976089,0.023910999298095703
7.4,6.4380436,0.9619564056396488
7.5,7.073134,0.4268660545349121
6.2,6.429317,-0.229316997528076
6.8,7.068795,-0.26879520416259783
7.4,6.9503465,0.44965353012084996
7.8,7.1771765,0.6228235244750975
7.0,7.0190554,-0.01905536651611328
7.0,7.7242284,-0.7242283821105957
8.0,7.5893755,0.41062450408935547
7.0,7.012165,-0.012165069580078125
6.5,7.2083793,-0.7083792686462402
8.0,7.328517,0.671483039855957
7.4,6.877272,0.5227278709411625
7.6,6.9628363,0.6371637344360348
8.2,7.687703,0.5122968673706048
8.0,7.655736,0.34426403045654297
7.4,7.0575633,0.3424366950988773
8.4,7.478036,0.9219640731811527
7.25,7.677433,-0.4274330139160156
6.333333333333333,7.173297,-0.8399635950724287
7.0,7.0492897,-0.049289703369140625
5.5,6.0579553,-0.557955265045166
6.666666666666667,6.9929523,-0.32628568013509085
6.0,7.181408,-1.1814079284667969
6.0,6.7285438,-0.728543758392334
7.0,7.0198073,-0.01980733871459961
7.0,7.586032,-0.5860319137573242
7.333333333333333,7.0296154,0.30371793111165335
7.5,7.1818314,0.31816864013671875
7.0,7.6397924,-0.6397924423217773
7.0,7.01496,-0.01495981216430664
6.0,7.0198717,-1.019871711730957
6.666666666666667,7.0198717,-0.35320504506429007
6.5,7.3140664,-0.8140664100646973
7.666666666666667,6.955875,0.7107917467753095
7.0,7.407606,-0.4076061248779297
7.333333333333333,7.664773,-0.3314396540323896
8.0,7.600477,0.3995227813720703
7.0,7.1713195,-0.17131948471069336
7.0,7.590433,-0.5904331207275391
7.25,7.0198717,0.23012828826904297
7.0,6.3634605,0.6365394592285156
7.5,6.999296,0.5007038116455078
7.0,6.999296,0.0007038116455078125
6.8,6.999296,-0.19929618835449237
8.2,6.999296,1.200703811645507
7.0,6.999296,0.0007038116455078125
5.0,6.999296,-1.9992961883544922
5.2,7.124854,-1.9248540878295897
6.0,6.994874,-0.9948740005493164
7.5,6.9114294,0.5885705947875977
7.6,7.4283066,0.1716934204101559
7.0,7.0029764,-0.0029764175415039062
6.833333333333333,6.300382,0.532951196034749
6.4,6.4192433,-0.019243335723876598
6.4,6.4718423,-0.07184228897094691
7.0,7.156687,-0.15668678283691406
6.0,7.3699107,-1.369910717010498
7.0,7.0254984,-0.025498390197753906
6.0,6.9043255,-0.9043254852294922
7.0,6.3790045,0.6209955215454102
7.4,6.5539465,0.846053504943848
7.0,6.2464156,0.7535843849182129
7.6,6.5660467,1.0339532852172848
7.4,7.299175,0.10082521438598668
6.0,6.480652,-0.48065185546875
7.2,7.3303304,-0.13033037185668928
7.2,7.3134866,-0.11348657608032209
6.0,6.142626,-0.1426258087158203
7.4,6.920984,0.479016208648682
7.4,6.9904914,0.40950860977172887
6.2,6.0583887,0.14161128997802752
7.0,7.0692964,-0.06929636001586914
7.6,7.2073946,0.39260540008544886
6.25,6.108003,0.1419968605041504
6.2,7.1031184,-0.9031184196472166
7.0,7.52607,-0.5260701179504395
6.0,6.3605638,-0.3605637550354004
6.6,6.674529,-0.07452907562255895
6.6,7.110066,-0.5100659370422367
5.75,6.4243097,-0.6743097305297852
6.8,6.89791,-0.09791011810302752
6.2,6.869703,-0.6697028160095213
5.833333333333333,6.5716896,-0.7383562723795576
7.2,7.039408,0.1605917930603029
7.6,6.8146853,0.7853146553039547
6.4,6.536714,-0.13671407699584925
7.0,7.045289,-0.045289039611816406
8.0,7.393133,0.6068668365478516
6.25,6.756095,-0.5060949325561523
7.0,7.035153,-0.03515291213989258
7.2,7.436025,-0.23602514266967756
5.4,6.4310603,-1.0310603141784664
6.2,7.0013704,-0.8013704299926756
5.8,7.044998,-1.2449981689453127
6.2,6.143507,0.05649299621582049
6.6,6.6504655,-0.050465488433838246
5.4,6.5974097,-1.1974097251892086
8.2,6.350654,1.8493458747863762
7.0,6.816278,0.18372201919555664
7.4,6.4360924,0.963907623291016
7.0,6.6744914,0.32550859451293945
7.4,7.045947,0.35405292510986364
6.4,6.966445,-0.5664449691772457
6.8,6.8779054,-0.07790536880493182
7.0,7.258216,-0.25821590423583984
7.0,6.7401285,0.2598714828491211
7.2,6.999296,0.200703811645508
7.25,6.999296,0.2507038116455078
6.5,7.001214,-0.5012140274047852
4.5,7.001214,-2.501214027404785
6.8,7.001214,-0.20121402740478533
6.8,7.001214,-0.20121402740478533
7.0,7.001214,-0.0012140274047851562
6.75,7.001214,-0.25121402740478516
7.6,7.001425,0.5985752105712887
6.8,7.001214,-0.20121402740478533
6.25,7.001214,-0.7512140274047852
6.25,7.001214,-0.7512140274047852
7.4,7.001214,0.3987859725952152
6.2,7.001214,-0.801214027404785
6.75,7.001214,-0.25121402740478516
7.25,7.001425,0.24857521057128906
7.25,7.001214,0.24878597259521484
7.0,7.001214,-0.0012140274047851562
7.0,7.001214,-0.0012140274047851562
6.75,7.001214,-0.25121402740478516
7.0,7.001214,-0.0012140274047851562
7.2,7.001214,0.19878597259521502
7.75,7.001214,0.7487859725952148
8.0,7.001214,0.9987859725952148
6.6,7.001214,-0.4012140274047855
7.6,7.001214,0.5987859725952145
7.5,7.1102204,0.38977956771850586
7.4,7.018105,0.3818949699401859
7.5,7.018105,0.48189496994018555
6.5,7.100958,-0.6009578704833984
6.8,7.100958,-0.3009578704833986
7.4,7.100958,0.2990421295166019
6.75,7.100958,-0.35095787048339844
6.2,7.100958,-0.9009578704833983
5.4,7.100958,-1.700957870483398
7.0,7.1906915,-0.19069147109985352
6.2,7.100958,-0.9009578704833983
6.4,7.100958,-0.7009578704833981
7.4,7.100958,0.2990421295166019
7.0,7.100958,-0.10095787048339844
6.8,7.100958,-0.3009578704833986
7.0,7.100958,-0.10095787048339844
7.0,7.1906915,-0.19069147109985352
6.6,7.100958,-0.5009578704833988
6.8,7.100958,-0.3009578704833986
5.75,7.100958,-1.3509578704833984
6.75,7.100958,-0.35095787048339844
7.6,7.100958,0.4990421295166012
8.0,7.100958,0.8990421295166016
7.2,7.100958,0.09904212951660174
7.6,7.100958,0.4990421295166012
6.6,7.100958,-0.5009578704833988
7.0,7.100958,-0.10095787048339844
7.666666666666667,7.2540975,0.4125692049662275
6.75,6.862353,-0.11235284805297852
7.0,7.0057178,-0.005717754364013672
7.0,7.114287,-0.11428689956665039
6.8,7.114287,-0.31428689956665057
6.8,7.049513,-0.24951286315917987
7.8,7.528647,0.2713530540466307
6.333333333333333,7.5489173,-1.215583960215251
7.8,6.8952327,0.904767322540283
6.75,6.8711634,-0.12116336822509766
6.0,7.0555196,-1.0555195808410645
5.0,7.114287,-2.1142868995666504
8.0,7.0177526,0.9822473526000977
7.0,7.031434,-0.031434059143066406
7.6,7.031434,0.5685659408569332
6.6,7.005435,-0.4054349899291996
6.25,7.005435,-0.7554349899291992
7.4,7.005435,0.39456501007080114
6.75,7.005435,-0.2554349899291992
6.6,7.005435,-0.4054349899291996
6.8,7.005435,-0.2054349899291994
6.5,7.0056458,-0.505645751953125
7.2,7.005435,0.19456501007080096
6.25,7.005435,-0.7554349899291992
8.2,7.005435,1.1945650100708
6.8,7.005435,-0.2054349899291994
6.8,7.005435,-0.2054349899291994
6.4,7.005435,-0.6054349899291989
7.0,7.344684,-0.3446841239929199
6.8,7.005435,-0.2054349899291994
7.25,7.005435,0.24456501007080078
6.6,7.005435,-0.4054349899291996
8.0,7.005435,0.9945650100708008
6.4,7.005435,-0.6054349899291989
7.6,7.005435,0.5945650100708004
7.8,7.005435,0.7945650100708006
7.8,7.005435,0.7945650100708006
7.8,7.005435,0.7945650100708006
7.0,7.005435,-0.005434989929199219
7.8,7.005435,0.7945650100708006
7.0,6.7464514,0.25354862213134766
7.0,6.9274015,0.07259845733642578
7.0,6.9947615,0.005238533020019531
7.0,7.403175,-0.40317487716674805
6.6,6.7652507,-0.1652506828308109
7.0,7.414535,-0.4145350456237793
6.5,7.4122934,-0.9122934341430664
7.8,7.403175,0.3968251228332518
7.0,7.024055,-0.024055004119873047
6.0,7.4222136,-1.4222135543823242
6.6,6.9947615,-0.3947614669799808
6.5,7.0263147,-0.5263147354125977
7.2,7.001214,0.19878597259521502
7.2,7.001214,0.19878597259521502
7.4,7.018105,0.3818949699401859
7.25,7.018105,0.23189496994018555
7.8,7.018105,0.7818949699401854
7.0,7.018105,-0.018105030059814453
7.4,7.018105,0.3818949699401859
6.4,7.018105,-0.6181050300598141
6.25,7.018316,-0.7683157920837402
6.5,7.018105,-0.5181050300598145
5.25,7.018105,-1.7681050300598145
7.8,7.018105,0.7818949699401854
8.0,7.018105,0.9818949699401855
7.0,7.018105,-0.018105030059814453
7.2,7.018105,0.18189496994018572
7.0,7.018316,-0.018315792083740234
7.2,7.018105,0.18189496994018572
7.75,7.018105,0.7318949699401855
7.2,7.018105,0.18189496994018572
7.4,7.018105,0.3818949699401859
6.4,7.018105,-0.6181050300598141
7.0,7.018105,-0.018105030059814453
7.0,7.018105,-0.018105030059814453
7.6,7.018105,0.5818949699401852
7.75,7.018105,0.7318949699401855
7.0,7.018105,-0.018105030059814453
7.333333333333333,7.018105,0.3152283032735186
7.4,7.100958,0.2990421295166019
6.8,6.8673053,-0.06730527877807635
6.4,7.084356,-0.6843558311462399
7.4,7.4971247,-0.0971246719360348
7.0,7.1214347,-0.12143468856811523
7.75,7.1672115,0.5827884674072266
4.8,7.100958,-2.3009578704833986
6.8,7.100958,-0.3009578704833986
7.333333333333333,7.100958,0.2323754628499346
7.4,7.114287,0.28571310043334996
7.25,7.114287,0.1357131004333496
7.4,7.114287,0.28571310043334996
7.2,7.114287,0.08571310043334979
7.6,7.114287,0.48571310043334925
6.2,7.114287,-0.9142868995666502
7.6,7.056499,0.543500995635986
6.0,7.114287,-1.1142868995666504
6.4,7.114287,-0.71428689956665
7.6,7.114287,0.48571310043334925
6.666666666666667,7.114287,-0.44762023289998343
7.2,7.114287,0.08571310043334979
6.6,7.114287,-0.5142868995666507
6.75,7.2040205,-0.45402050018310547
6.75,7.114287,-0.3642868995666504
7.0,7.114287,-0.11428689956665039
7.0,7.114287,-0.11428689956665039
6.5,7.114287,-0.6142868995666504
6.6,7.114287,-0.5142868995666507
7.4,7.114287,0.28571310043334996
7.0,7.114287,-0.11428689956665039
8.6,7.114287,1.4857131004333493
8.2,7.114287,1.085713100433349
7.2,7.114287,0.08571310043334979
8.25,7.114287,1.1357131004333496
7.0,7.031434,-0.031434059143066406
8.0,6.8140926,1.1859073638916016
6.6,7.179036,-0.5790361404418949
7.0,7.481416,-0.4814162254333496
7.333333333333333,7.012168,0.3211654027303057
7.25,7.4772234,-0.22722339630126953
7.6,7.031434,0.5685659408569332
6.6,7.005435,-0.4054349899291996
6.2,7.005435,-0.805434989929199
7.0,6.9947615,0.005238533020019531
6.5,6.9947615,-0.49476146697998047
7.6,6.9947615,0.6052385330200192
7.0,6.9947615,0.005238533020019531
7.8,6.9947615,0.8052385330200194
3.5,6.9947615,-3.4947614669799805
7.6,6.7817063,0.8182936668395993
6.8,6.9947615,-0.19476146697998065
6.6,6.9947615,-0.3947614669799808
6.8,6.9947615,-0.19476146697998065
7.75,6.9947615,0.7552385330200195
7.0,6.9947615,0.005238533020019531
7.0,6.9947615,0.005238533020019531
7.2,6.73048,0.4695198059082033
6.8,6.9947615,-0.19476146697998065
7.5,6.9947615,0.5052385330200195
7.0,6.9947615,0.005238533020019531
7.75,6.9947615,0.7552385330200195
6.6,6.9947615,-0.3947614669799808
5.8,6.9947615,-1.1947614669799806
7.4,6.9947615,0.4052385330200199
7.2,6.9947615,0.2052385330200197
7.666666666666667,6.9947615,0.6719051996866865
7.8,6.9947615,0.8052385330200194
7.666666666666667,6.9947615,0.6719051996866865
7.25,7.001214,0.24878597259521484
6.2,6.788159,-0.5881588935852049
7.0,6.5358067,0.46419334411621094
7.0,6.9189525,0.08104753494262695
7.0,7.403175,-0.40317487716674805
7.2,7.4334207,-0.2334206581115721
6.0,7.001214,-1.0012140274047852
7.0,7.001214,-0.0012140274047851562
6.4,7.001214,-0.6012140274047848
7.25,7.018105,0.23189496994018555
6.0,7.018105,-1.0181050300598145
7.666666666666667,7.018105,0.6485616366068525
7.0,7.018105,-0.018105030059814453
8.2,7.018105,1.1818949699401848
6.4,7.018105,-0.6181050300598141
7.0,7.018316,-0.018315792083740234
7.0,7.018105,-0.018105030059814453
6.8,7.018105,-0.21810503005981463
6.8,7.018105,-0.21810503005981463
7.5,7.018105,0.48189496994018555
7.4,7.018105,0.3818949699401859
7.0,7.018105,-0.018105030059814453
7.2,6.7778554,0.4221446037292482
7.2,7.018105,0.18189496994018572
6.8,7.018105,-0.21810503005981463
7.75,7.018105,0.7318949699401855
7.0,7.018105,-0.018105030059814453
7.75,7.018105,0.7318949699401855
7.0,7.018105,-0.018105030059814453
7.8,7.018105,0.7818949699401854
8.25,7.018105,1.2318949699401855
7.8,7.018105,0.7818949699401854
7.0,7.018105,-0.018105030059814453
8.6,7.018105,1.5818949699401852
7.0,7.100958,-0.10095787048339844
6.4,7.4364605,-1.0364604949951168
7.8,7.1260586,0.6739414215087889
7.6,7.5365796,0.06342039108276332
7.0,7.1109376,-0.11093759536743164
7.2,7.489128,-0.2891281127929686
6.0,7.100958,-1.1009578704833984
